COUNT,LINE
2,"Active DoD Secret Clearance"
2,"Adobe Creative Suite"
2,"Applied Probability"
2,"Biological Monitoring"
2,"Claims Resolution"
2,"Client Attraction"
2,"Compliance Testing"
2,"Corporate Records"
2,"Corporate Sustainability"
2,"Drafting Correspondence"
2,"Driving Profitability"
2,"Executive Positions"
2,"Fault Tolerant Systems"
2,"Fire Performance"
2,"Front End Developers"
2,"Functional Architecture"
2,"Functional Consulting"
2,"Geographic Information Science"
2,"Internet of Things"
2,"Marketing Communications"
2,"Mechanical Analysis"
2,"Medical Monitoring"
2,"Medical Technology"
2,"Multimedia Instruction"
2,"Music Scheduling"
2,"Offshore Drilling"
2,"Open to New Ideas"
2,"Production Environment"
2,"Production Systems"
2,"Project Assurance"
2,"Radiation Protection"
2,"Real-time Reporting"
2,"Still Photography"
2,"Strategic Human Resources Leadership"
2,"Team Assessments"
2,"Third Party Liability"
2,"Trend Researching"
1,"Academic Journals"
1,"Academic Medicine"
1,"Academic Support Services"
1,"Accent Neutralization"
1,"Access Technologies"
1,"Accident Investigation"
1,"Account Expansion"
1,"Account Representation"
1,"ACE Certified Personal Trainer"
1,"Action Plan Development"
1,"Administration Jobs"
1,"Adobe Professional"
1,"ADP ezLaborManager"
1,"Advanced Process Control"
1,"Aerothermodynamics"
1,"Affiliate Management"
1,"Affirmative Action Compliance"
1,"Agency Selection"
1,"Agricultural Production"
1,"Alternate Reality Games"
1,"Amateur Radio Operator"
1,"Analysis Reports"
1,"Analytic Modeling"
1,"Analytical Background"
1,"Analytical Systems"
1,"Analyze Problems"
1,"Ankylosing Spondylitis"
1,"Anomaly Detection"
1,"Antitrust Economics"
1,"Application Engineers"
1,"Application Virtualization"
1,"Applications Delivery"
1,"Applied Mechanics"
1,"Appreciative Inquiry"
1,"Aquatic Toxicology"
1,"Architectural Animation"
1,"Architectural Project Management"
1,"Array Processing"
1,"Art Appreciation"
1,"Artlantis Studio"
1,"Arts Organizations"
1,"As-Built Drawings"
1,"Assembly Processes"
1,"Assistive Listening Devices"
1,"Association Memberships"
1,"Asymmetric Synthesis"
1,"Asymmetric Warfare"
1,"Atmospheric Modeling"
1,"Attentiveness to Detail"
1,"Attraction Strategies"
1,"Audience Response Systems"
1,"Audio Compression"
1,"Audio Conferencing"
1,"Automobile Accidents"
1,"Automotive Parts"
1,"Aviation Regulations"
1,"Aviation Security"
1,"Backflow Prevention"
1,"Baggage Handling Systems"
1,"Barcode Scanners"
1,"Batch Processing"
1,"Bayesian statistics"
1,"Behavior Problems"
1,"Benefit Communication"
1,"Bespoke website design"
1,"BigHand Digital Dictation"
1,"Biodiesel Production"
1,"Birthday Celebrations"
1,"Bloomberg Terminal"
1,"Brand Performance"
1,"Branded Entertainment"
1,"Brazilian Jiu-Jitsu"
1,"Bridge Rehabilitation"
1,"British Standards"
1,"Broadcast Automation"
1,"Broker Price Opinion"
1,"Build Strong Teams"
1,"Building Customer Loyalty"
1,"Business Aviation"
1,"Business Background"
1,"Business Discovery"
1,"Business Efficiency"
1,"Business Model Innovation"
1,"Business Model Transformation"
1,"Business Opportunity Evaluation"
1,"Business Overhead Expense"
1,"Business Packages"
1,"Business Strategy Formulation"
1,"Business Transactions"
1,"C-Level Interactions"
1,"Camera Calibration"
1,"Candidate Generation"
1,"Capital Market Operations"
1,"Capital Structure"
1,"Career Transition Services"
1,"Case Management Services"
1,"Certification Testing"
1,"Certified Compensation Professional"
1,"Certified Fraud Examiner"
1,"Certified Immunizer"
1,"Certified Insurance Counselor"
1,"Certified Investment Management Analyst"
1,"Certified Novell Engineer"
1,"Certified Pediatric Nurse"
1,"Certified Quality Manager"
1,"Challenging Environment"
1,"Change Order Negotiation"
1,"Channel Conflict Resolution"
1,"Character Modelling"
1,"Charcoal Drawings"
1,"Charging Systems"
1,"Charismatic Leadership"
1,"Chartered Engineer"
1,"Chemical Handling"
1,"Circuit Training"
1,"CISR Designation"
1,"Civil Litigation"
1,"Claims Management"
1,"Clean Energy Technologies"
1,"Client Requirements"
1,"Client Side Scripting"
1,"Climate Action Planning"
1,"Climate Change Mitigation"
1,"Clinical Directors"
1,"Clinical Engineering"
1,"Clinical Governance"
1,"Clinical Workflow"
1,"Cloud Applications"
1,"Cloud Communications"
1,"Co-Active Coaching"
1,"Cocktail Dresses"
1,"Collaborative Practice"
1,"Collection Maintenance"
1,"Collective Agreements"
1,"College Publisher"
1,"Commercial Account Management"
1,"Commercial Accounts"
1,"Commercial Claims"
1,"Commercial Lending"
1,"Commercial Mortgages"
1,"Commercial Spaces"
1,"Communication Protocols"
1,"Community Colleges"
1,"Community Connections"
1,"Community Development"
1,"Community Development Finance"
1,"Community Initiatives"
1,"Community Programming"
1,"Community Strategy"
1,"Community Support"
1,"Comparative Education"
1,"Comparative Market Analysis"
1,"Comparison Shopping Engines"
1,"Competency Assessment"
1,"Competition Economics"
1,"Competitor Intelligence"
1,"Compliance Plans"
1,"Component Architecture"
1,"Compound Semiconductors"
1,"Compressible Flow"
1,"Computer Assisted Surgery"
1,"Computer Information Systems"
1,"Computer Science"
1,"Computer Simulation"
1,"Concentrated Stock Strategies"
1,"Concept Selection"
1,"Conceptual Designs"
1,"Concurrent Programming"
1,"Condition Based Maintenance"
1,"Conditional Access"
1,"Conductivity Meter"
1,"Confidential Documents"
1,"Congregational Development"
1,"Connectivity Solutions"
1,"Conscious Capitalism"
1,"Conservation Framing"
1,"Conservation Issues"
1,"Constituency Building"
1,"Consultative Sales Management"
1,"Consumer Insight Generation"
1,"Contact Discovery"
1,"Contemporary Music"
1,"Content Development"
1,"Content Switches"
1,"Continuous Availability"
1,"Control Analysis"
1,"Copyright Infringement"
1,"Core Description"
1,"Core Network Planning"
1,"Corporate Development"
1,"Corporate Image Management"
1,"Corporate Internal Investigations"
1,"Corporate Services"
1,"Corrective Maintenance"
1,"Correspondence Analysis"
1,"Corrosion Inhibitors"
1,"Cost Saving Initiatives"
1,"Cost Variance Analysis"
1,"Costume Characters"
1,"Counseling Psychology"
1,"Crash Dump Analysis"
1,"Creative Catalyst"
1,"Creative Direction"
1,"Creative Financing"
1,"Credit Card Fraud"
1,"Credit Card Terminals"
1,"Crisis Intervention Training"
1,"Cross-Platform Sales"
1,"Crown Lengthening"
1,"Cultural Sensitivity"
1,"Custom Tool Development"
1,"Customer Acquisition"
1,"Customer Assurance"
1,"Data as a Service"
1,"Dealer Management"
1,"Deceptive Trade Practices"
1,"Delivering Change"
1,"Democracy Promotion"
1,"Dental Practice Management"
1,"Department Creation"
1,"Depth Conversion"
1,"Design Consulting"
1,"Design Engineering"
1,"Design Management"
1,"Design Programming"
1,"Desktop Publishing"
1,"Destination Services"
1,"Development of Sales Tools"
1,"Development Sites"
1,"Digicel Flipbook"
1,"Digital Environments"
1,"Digital Pathology"
1,"Direct Line Management"
1,"Direct Mail Fundraising"
1,"Directors of Operations"
1,"Directory Submissions"
1,"Disability Discrimination"
1,"Disclosure Statements"
1,"Discovery Learning"
1,"Display Management"
1,"Distribution Solutions"
1,"Distribution Systems"
1,"Diversity Champion"
1,"Document Automation"
1,"Donor Development"
1,"Donor Engagement"
1,"DoubleClick for Publishers"
1,"Downtime Reduction"
1,"Dress for Success"
1,"Driving Under the Influence"
1,"Drug Free Workplace"
1,"E-Beam Deposition"
1,"Early Childhood Literacy"
1,"Early Stage Investment"
1,"ECG interpretation"
1,"Economic Development Research"
1,"Economic Sanctions"
1,"Educational Institutes"
1,"Educational Philosophy"
1,"Educational Psychology"
1,"EHS Program Development"
1,"Electrical Muscle Stimulation"
1,"Electrical Panel Design"
1,"Electrochemistry"
1,"Electron Beam Evaporation"
1,"Electronic Media"
1,"Electronic Signatures"
1,"Embedded Software Programming"
1,"Emergency Lighting"
1,"Emerging Growth Companies"
1,"Emotionally Focused Therapy"
1,"Employee Loyalty"
1,"End to End Delivery"
1,"Energy Retrofits"
1,"Engaging Speaker"
1,"Engineering Documentation"
1,"Enterprise Decision Management"
1,"Enterprise Messaging Administrator"
1,"Enterprise Wide Solutions"
1,"Environmental Affairs"
1,"Environmental Geology"
1,"Environmental Interpretation"
1,"Environmental Microbiology"
1,"Environmental Quality"
1,"Environmental Topics"
1,"Equine Assisted Learning"
1,"Equine Reproduction"
1,"Equipment Sizing"
1,"Error Correction"
1,"Estate Administration"
1,"Event Photography"
1,"Executive Financial Management"
1,"Executive Operations Management"
1,"Executive Producing"
1,"Executive Relations"
1,"Executive Scheduling"
1,"Executive Staffing"
1,"Expeditionary Warfare"
1,"Experimental Photography"
1,"Export Control Compliance"
1,"External Agencies"
1,"External Storage"
1,"Facial Expressions"
1,"Facilita Forecast"
1,"Fairfield County"
1,"Federal Government"
1,"Federal Grants Management"
1,"Film Restoration"
1,"Finacial Management"
1,"Finance Function Transformation"
1,"Financial Background"
1,"Financial Modeling"
1,"Financial Translation"
1,"Fitness Training"
1,"Fixed Asset Management"
1,"Fixed Asset Register"
1,"Fixed Income Portfolio Management"
1,"Flavor Chemistry"
1,"Flexible Approach"
1,"Food Cost Analysis"
1,"Food Preservation"
1,"Food Safety Management System"
1,"Food Standards Agency"
1,"Force Management"
1,"Foreign Nationals"
1,"Forensic Chemistry"
1,"Form 5500 preparation"
1,"Framework Agreements"
1,"Framework Design"
1,"Freehand Rendering"
1,"Freight Brokerage"
1,"Fuel System Design"
1,"Functional Genomics"
1,"Functional Imaging"
1,"Fundraising Campaign Management"
1,"Gallup Organization"
1,"Game Design Documents"
1,"Game Programming"
1,"Gas Chromatography"
1,"General Investigations"
1,"General Operations"
1,"General Web Development"
1,"Generative Components"
1,"Genetic Algorithms"
1,"Genetic Disorders"
1,"Geo-environmental Engineering"
1,"Global Channel Management"
1,"Global Environments"
1,"Global Media Relations"
1,"Global Optimization"
1,"Global Orientation"
1,"Global Tactical Asset Allocation"
1,"Golf Course Management"
1,"Google Analytics"
1,"Government Contract Negotiations"
1,"Government Offices"
1,"Graduate Medical Education"
1,"Great Social Skills"
1,"Green Properties"
1,"Guided Visualization"
1,"Hands-on Professional"
1,"Hardware Architecture"
1,"Hardware Installation"
1,"Hardware Solutions"
1,"HD Camera Operation"
1,"Health Promotion"
1,"Health Reporting"
1,"Health Service Management"
1,"High Intensity Interval Training"
1,"High Poly Modeling"
1,"High Speed Interfaces"
1,"High-volume Recruiting"
1,"High-Volume Recruitment"
1,"Higher Education Administration"
1,"Highly Dedicated"
1,"Highly-motivated"
1,"Historical Buildings"
1,"Historical Linguistics"
1,"Holistic Massage"
1,"HTML Help Workshop"
1,"Human Immunology"
1,"Human Resource Planning"
1,"Human-centered Design"
1,"Identifying Sales Opportunities"
1,"Identity Federation"
1,"Image Conversion"
1,"Immunoprecipitation"
1,"Impact Investing"
1,"Import Logistics"
1,"in Situ Hybridization"
1,"In-Service Training"
1,"Incentive Programs"
1,"Incident Command"
1,"Income Protection"
1,"Increasing Sales Revenue"
1,"Independent Living"
1,"Independent Schools"
1,"Indian Child Welfare Act"
1,"Indigenous Education"
1,"Individual Pension Plans"
1,"Industrial Control"
1,"Industrial Economics"
1,"Industrial Waste Management"
1,"Industrial Wastewater"
1,"Information Discovery"
1,"Information Graphics"
1,"Information Organization"
1,"Information Products"
1,"Information Research"
1,"Information Security Consultancy"
1,"Information Security Engineering"
1,"Information Security Management"
1,"Information System"
1,"Information Systems"
1,"Information Transfer"
1,"Innovation Research"
1,"Insight Generation"
1,"Institutional Research"
1,"Institutional Selling"
1,"Integrated Design"
1,"Integrated Security Systems"
1,"Integration Engineering"
1,"Intellectual Property Valuation"
1,"Intelligent Tutoring Systems"
1,"Interactive Writing"
1,"Interference Cancellation"
1,"Interior Systems"
1,"Internal Mobility"
1,"International Business Consulting"
1,"International Mobility"
1,"International Property"
1,"International Public Affairs"
1,"International Research"
1,"International Search"
1,"International Tax"
1,"International Work"
1,"Internationalization"
1,"Internet Banking"
1,"Internet Entrepreneur"
1,"Internet Presence"
1,"Internet Security"
1,"Internet Services"
1,"Interpretation Of Data"
1,"Interrogation Techniques"
1,"Interventional Radiology"
1,"Intuitive Eating"
1,"Inverse Problems"
1,"Investment Brokerage"
1,"Investment Capital"
1,"Investment Decisions"
1,"Investment Performance"
1,"Investment Sales"
1,"Ion Chromatography"
1,"IT Project Implementation"
1,"IT Project Leadership"
1,"ITIL Implementation"
1,"ITIL v3 Foundations Certified"
1,"Joining Formalities"
1,"Kalman filtering"
1,"Kaspersky Antivirus"
1,"Kinetic Typography"
1,"Land Use Planning"
1,"Large-scale Change"
1,"Launch Strategies"
1,"Law Enforcement Operations"
1,"Leading Discussions"
1,"Lean Transformation"
1,"Lean Warehousing"
1,"Learning Management"
1,"Least Cost Routing"
1,"Legal Malpractice"
1,"Leisure Industry"
1,"Lifestyle Design"
1,"Lifestyle Planning"
1,"Light Board Operator"
1,"Light Industrial"
1,"Lighting Retrofits"
1,"Location Intelligence"
1,"Location Management"
1,"Logical Data Modeling"
1,"Logical Framework Analysis"
1,"Long Range Planning"
1,"Long Term Relationship Building"
1,"Long-Term Disability"
1,"Looking At the Big Picture"
1,"Low Poly Modeling"
1,"Macola Progression"
1,"Macular Degeneration"
1,"Management Of Direct Reports"
1,"Management Reporter"
1,"Managing Multi-Million Dollar Budgets"
1,"Manufacturing Liaison"
1,"Marine Spatial Planning"
1,"Market Basket Analysis"
1,"Market Opportunities"
1,"Market Regulation"
1,"Material Acquisition"
1,"Material Flow Analysis"
1,"Material Selection"
1,"Materialized Views"
1,"Mechanical Drawings"
1,"Mechanism Design"
1,"Mechanism Of Action"
1,"Media Communications"
1,"Medical Equipment Planning"
1,"Member of the British Computer Society"
1,"Menu Development"
1,"Message Oriented Middleware"
1,"Messaging InfrHJfcOcucture"
1,"Metadata Modeling"
1,"Meticulous eye for detail"
1,"Micropropagation"
1,"Microsoft Cluster"
1,"Microsoft Expression"
1,"Microsoft Platform"
1,"Middle Eastern Studies"
1,"Mineral Exploration"
1,"Mission Critical Facilities"
1,"Mobile Billboards"
1,"Mobile Home Parks"
1,"Mobile Product Development"
1,"Molecular Biology"
1,"Molecular Microbiology"
1,"Mortgage Banking"
1,"Mortgage Brokers"
1,"Multi-discipline"
1,"Multi-level Communication"
1,"Multi-Location Recruitment"
1,"Multi-media Marketing Campaigns"
1,"Multi-national Experience"
1,"Multi-platform Campaigns"
1,"Multi-site Coordination"
1,"Multi-state Payroll Processing"
1,"Multi-State Territory Management"
1,"Multiphysics Modeling"
1,"Muscle Physiology"
1,"Museum Collections"
1,"Music Programming"
1,"NBS Specification"
1,"Neglected Tropical Diseases"
1,"Negotiating Leases"
1,"Network Adapters"
1,"Network Centric Operations"
1,"Network Load Balancing"
1,"Network Protocol Design"
1,"Network Traffic Analysis"
1,"Neurodegenerative Disease"
1,"Neurodevelopmental Treatment"
1,"Neuroengineering"
1,"Neurological Disorders"
1,"Neurostimulation"
1,"New Hire Processes"
1,"New Media Marketing"
1,"New Product Implementations"
1,"New System Development"
1,"Noise Cancellation"
1,"Noise Figure Meter"
1,"Non-profit Board Leadership"
1,"Non-profit Environments"
1,"Non-profit Finance"
1,"Nonlinear Optics"
1,"Occupational Psychology"
1,"Occupational Therapists"
1,"Office Management"
1,"Offshore Wind Energy"
1,"Online Counseling"
1,"Online Help Development"
1,"Online Integration"
1,"Online Inventory Management"
1,"Open Water Diver"
1,"Opening New Locations"
1,"Operating Environment"
1,"Operating Models"
1,"Operational Evaluation"
1,"Operational Optimization"
1,"Operations Audit"
1,"Option Valuation"
1,"Opto-mechanical Design"
1,"Opto-mechanical Engineering"
1,"Oracle Policy Automation"
1,"Oracle Service Bus"
1,"OrCAD Capture CIS"
1,"Orders of Protection"
1,"Ordinance Development"
1,"Organizational Network Analysis"
1,"Organizational Project Management"
1,"Organizational Structure"
1,"Original Research"
1,"Outdoor Education"
1,"Overactive Bladder"
1,"Overall Wellness"
1,"Overseas Experience"
1,"Paint Color Consultation"
1,"Parenting Workshops"
1,"Participatory Design"
1,"Passive Components"
1,"Patient Counseling"
1,"Patient Education"
1,"Pattern Recognition"
1,"Pediatric Endocrinology"
1,"Peer Development"
1,"Perfect Practice"
1,"Performance Enhancement"
1,"Performance Measurement"
1,"Performance Metrics"
1,"Performance Studies"
1,"Performance Technology"
1,"Permit Applications"
1,"Personal Consultation"
1,"Personal Contract Hire"
1,"Personnel Supervision"
1,"Perspective Drawings"
1,"Pharmacy Benefit Management"
1,"Philosophy of Language"
1,"Photo Management"
1,"Phytoremediation"
1,"Pipeline Generation"
1,"Pipeline Management"
1,"Placement Services"
1,"Planview Enterprise"
1,"Plasma Diagnostics"
1,"Policy Definition"
1,"Polished Concrete"
1,"Political Behavior"
1,"Polymer Nanocomposites"
1,"Portrait Painting"
1,"Positive Youth Development"
1,"Post-acquisition Disputes"
1,"Postal Regulations"
1,"Powder Processing"
1,"Pre-Sale Support"
1,"Precision Cutting"
1,"Precision Measuring"
1,"Press Release Generation"
1,"Price Forecasting"
1,"Primary Cell Isolation"
1,"Primary Health Care"
1,"Problem Gambling"
1,"Process Analytical Technology"
1,"Process Flow Charts"
1,"Process Maturity"
1,"Process Safety Management"
1,"Producing Web Content"
1,"Product Catalogues"
1,"Product Demonstration"
1,"Product Introduction"
1,"Product Penetration"
1,"Product Requirements"
1,"Product Selection"
1,"Product Transfer"
1,"Production Efficiency"
1,"Production Managment"
1,"Production Pipeline"
1,"Production Processes"
1,"Production Stills"
1,"Professional Indemnity Insurance"
1,"Professional Installation"
1,"Professional Sports"
1,"Proficy Historian"
1,"Profit Center Operations"
1,"Program Assessment"
1,"Program Facilitation"
1,"Programme Directors"
1,"Programming Environments"
1,"Project Co-ordination"
1,"Project Management Training"
1,"Project Optimization"
1,"Project Planning"
1,"Property Financing"
1,"Proprietary Software"
1,"Protective Security"
1,"Protein Engineering"
1,"Protein Production"
1,"Psychosocial Rehabilitation"
1,"Public Archaeology"
1,"Public Libraries"
1,"Publicity Stunts"
1,"Publishing Services"
1,"Purchase Price Allocation"
1,"Purchase Requisitions"
1,"Qualifying Prospects"
1,"Quality Improvement"
1,"Quality Oriented"
1,"Quantative Analysis"
1,"Quick Reference Guides"
1,"Rainwater Harvesting"
1,"Rating Agency Relations"
1,"Ratings Advisory"
1,"Rational Performance Tester"
1,"Rational Rose Enterprise Edition"
1,"Rational Team Concert"
1,"Real Estate Contracts"
1,"Real Estate Sales License"
1,"Recrystallization"
1,"Redundancy Handling"
1,"Refined Products"
1,"Registered Auditor"
1,"Registration Services"
1,"Regulatory Examinations"
1,"Regulatory Guidelines"
1,"Regulatory Reform"
1,"Relation Management"
1,"Relational Data Modeling"
1,"Renderman Shading Language"
1,"Renewable Energy Policy"
1,"Renewable Portfolio Standards"
1,"Renewable Resources"
1,"Rental Management"
1,"Report Compilation"
1,"Report Production"
1,"Research Management"
1,"Reseller Hosting"
1,"Reseller Programs"
1,"Reservoir Modeling"
1,"Residential Communities"
1,"Residential Investment Property"
1,"Residential Land Development"
1,"Resource Assessment"
1,"Resource Conservation"
1,"Resource Recovery"
1,"Resource Strategy"
1,"Restaurant Reviews"
1,"Retention Programs"
1,"Return on Investment Analysis"
1,"Rewards Programs"
1,"Rigid Body Dynamics"
1,"Robot Programming"
1,"Root Cause Analysis"
1,"Safe Patient Handling"
1,"Safety Administration"
1,"Safety Monitoring"
1,"Safety Regulations"
1,"Sales Organization Leadership"
1,"SAP Application Development"
1,"SAP Business ByDesign"
1,"SAP Business Software"
1,"SAP Implementation"
1,"Satellite Media Tours"
1,"Satellite Networking"
1,"School Library Media"
1,"Scientific Papers"
1,"Scientific Presentation"
1,"Scientific Programming"
1,"Section 125 Plans"
1,"Securities Exchange Act of 1934"
1,"Securities Fraud"
1,"Security Research"
1,"Seismic Retrofit"
1,"Seller Financing"
1,"Semantic Web Development"
1,"Semiconductor Failure Analysis"
1,"Semiconductor Process"
1,"Senior Communities"
1,"Service Improvement Plans"
1,"Setting up new businesses"
1,"Sexuality Education"
1,"Shoulder Surgery"
1,"Site Consolidation"
1,"Site-directed Mutagenesis"
1,"Situational Leadership"
1,"Small Animal Models"
1,"Small Arms Instructor"
1,"Smart Plant Instrumentation"
1,"Soarian Clinicals"
1,"Social Networking Sites"
1,"Sociology of Law"
1,"Soft Commodities"
1,"Software Acquisition"
1,"Software Contracts"
1,"Software Development"
1,"Software Engineering Practices"
1,"Software Exposure"
1,"Software Quality Control"
1,"Soil Classification"
1,"Solid Phase Extraction"
1,"Solution Development"
1,"Solution Focused"
1,"Solution Orientated"
1,"Somatic Experiencing"
1,"Sound FX Editing"
1,"Source Selection"
1,"Speaker Development"
1,"Special Situations"
1,"Specification Generation"
1,"Spectral Imaging"
1,"Speech Processing"
1,"Speech Synthesis"
1,"Spinal Cord Injury"
1,"Spiritual Counselor"
1,"Sports Enthusiast"
1,"Sports Marketing"
1,"Sports Memorabilia"
1,"Sports Nutrition"
1,"SQuirreL SQL Client"
1,"Stable Isotope Analysis"
1,"Staff Communication"
1,"Staff Development"
1,"Staffing Analysis"
1,"Standards Compliance"
1,"Standards Of Practice"
1,"Start-up Organizations"
1,"Statutory Accounting"
1,"Stem Cell Transplant"
1,"Stochastic Optimization"
1,"Stored Procedures"
1,"Strategic Account Acquisition"
1,"Strategic Analytics"
1,"Strategic Business Advice"
1,"Strategic Collaboration"
1,"Strategic Marketing Consultancy"
1,"Strategic Planning"
1,"Strategic Planning for Growth"
1,"Strategic Relationships"
1,"Strategic Studies"
1,"Strategic Use Of Technology"
1,"Streamlining Operations"
1,"Structured Commodity Finance"
1,"Structured Settlements"
1,"Student Financial Aid"
1,"Student Marketing"
1,"Student Ministry"
1,"Student-Centered Learning"
1,"Suicide Assessment"
1,"Sun Application Server"
1,"Sun Java System Web Server"
1,"Supplemental Staffing"
1,"Supplier Performance"
1,"Supplier Risk Management"
1,"Supply Chain Consulting"
1,"Support Management"
1,"Surf Photography"
1,"Surface Modeling"
1,"Surface Water Management"
1,"Sustainability Education"
1,"Sustainable Agriculture"
1,"Switchboard Operator"
1,"Sybase Adaptive Server"
1,"Symantec Endpoint Protection"
1,"System Operations"
1,"System Solutions"
1,"Systems Furniture"
1,"Systems Project Management"
1,"Tactical Development"
1,"Tactical Implementations"
1,"Talend Open Studio"
1,"Talent Recognition"
1,"Target Generation"
1,"Targeted Selection Interviewing"
1,"Task Force Management"
1,"Teacher Evaluation"
1,"Team Effectiveness"
1,"Team Involvement"
1,"Technical Communication"
1,"Technical Liaison"
1,"Technical Project Leadership"
1,"Technical Services"
1,"Technical Subject Matter"
1,"Technology Consolidation"
1,"Technology Roadmapping"
1,"Technology Security"
1,"Ten-key by touch"
1,"Terrain Modeling"
1,"Territory Mapping"
1,"Test Environments"
1,"Test Lab Management"
1,"Theoretical Computer Science"
1,"Therapeutic Areas"
1,"Therapeutic Communication"
1,"Thermal Energy Storage"
1,"Thermal Oxidation"
1,"Thin Film Coating"
1,"Thorough Research"
1,"Timeline Development"
1,"Tooth Colored Fillings"
1,"Total Project Management"
1,"Tracking Solutions"
1,"Trade Credit Insurance"
1,"Trademark Infringement"
1,"Trading Software"
1,"Traditional Animation"
1,"Training Programs"
1,"Transfer Pricing Analysis"
1,"Transitional Housing"
1,"Transnational Crime"
1,"Transnational Referral Certified"
1,"Transportation Management"
1,"Transportation Safety"
1,"Transportation Sourcing"
1,"Trend Forecasting"
1,"Trial Consulting"
1,"Tribal Consultation"
1,"Tripwire Enterprise"
1,"Tropical Ecology"
1,"Tropical Medicine"
1,"Turn-around Situations"
1,"Turnaround Experience"
1,"Turnkey Projects"
1,"Unity Connection"
1,"Utility Locating"
1,"Utility Software"
1,"Vascular Surgery"
1,"Video Production"
1,"Virtual Appliances"
1,"Virtual Machines"
1,"Visual Merchandising"
1,"Visually Impaired"
1,"Voluntary Products"
1,"Voluntary Sector"
1,"Warehouse Control"
1,"Web Analytics Implementation"
1,"Website Authoring"
1,"Whole Life Costing"
1,"Wholesale Lending"
1,"Wildlife Biology"
1,"Win-loss Analysis"
1,"Wind Turbine Design"
1,"Windows Scripting"
1,"Work Well Independently"
1,"Workers Compensation Defense"
1,"Workforce Development"
1,"Workgroup Manager"
995,TOTAL LINES
958,DISTINCT LINES
